-- MySQL dump 10.13  Distrib 5.7.18, for macos10.12 (x86_64)
--
-- Host: 127.0.0.1    Database: blog_keji
-- ------------------------------------------------------
-- Server version	5.7.18

/*!40101 SET @OLD_CHARACTER_SET_CLIENT=@@CHARACTER_SET_CLIENT */;
/*!40101 SET @OLD_CHARACTER_SET_RESULTS=@@CHARACTER_SET_RESULTS */;
/*!40101 SET @OLD_COLLATION_CONNECTION=@@COLLATION_CONNECTION */;
/*!40101 SET NAMES utf8 */;
/*!40103 SET @OLD_TIME_ZONE=@@TIME_ZONE */;
/*!40103 SET TIME_ZONE='+00:00' */;
/*!40014 SET @OLD_UNIQUE_CHECKS=@@UNIQUE_CHECKS, UNIQUE_CHECKS=0 */;
/*!40014 SET @OLD_FOREIGN_KEY_CHECKS=@@FOREIGN_KEY_CHECKS, FOREIGN_KEY_CHECKS=0 */;
/*!40101 SET @OLD_SQL_MODE=@@SQL_MODE, SQL_MODE='NO_AUTO_VALUE_ON_ZERO' */;
/*!40111 SET @OLD_SQL_NOTES=@@SQL_NOTES, SQL_NOTES=0 */;

--
-- Table structure for table `article`
--

DROP TABLE IF EXISTS `article`;
/*!40101 SET @saved_cs_client     = @@character_set_client */;
/*!40101 SET character_set_client = utf8 */;
CREATE TABLE `article` (
  `id` bigint(20) NOT NULL AUTO_INCREMENT COMMENT 'æ–‡ç« id',
  `title` varchar(255) NOT NULL COMMENT 'æ–‡ç« æ ‡é¢˜',
  `content` longtext NOT NULL COMMENT 'æ–‡ç« å†…å®¹',
  `status` tinyint(4) NOT NULL DEFAULT '0' COMMENT 'æ–‡ç« çŠ¶æ€ï¼Œ0ï¼šæ­£å¸¸ï¼›1ï¼šåˆ é™¤',
  `top` tinyint(4) NOT NULL DEFAULT '0' COMMENT 'æ˜¯å¦ç½®é¡¶ï¼Œ1ï¼šç½®é¡¶ï¼›0ï¼šä¸ç½®é¡¶',
  `commentable` tinyint(4) NOT NULL DEFAULT '1' COMMENT 'æ˜¯å¦å¯ä»¥è¯„è®º 1ï¼šå¯ä»¥ï¼›0ï¼šä¸å¯ä»¥',
  `user_id` bigint(20) NOT NULL COMMENT 'å‘è¡¨ç”¨æˆ·',
  `category_id` bigint(20) NOT NULL,
  `category_name` varchar(20) NOT NULL,
  `gmt_created` datetime NOT NULL COMMENT 'åˆ›å»ºæ—¶é—´',
  `gmt_modified` datetime NOT NULL COMMENT 'ä¿®æ”¹æ—¶é—´',
  PRIMARY KEY (`id`),
  KEY `FK_Reference_1` (`user_id`),
  KEY `FK_Reference_7` (`category_id`),
  CONSTRAINT `FK_Reference_1` FOREIGN KEY (`user_id`) REFERENCES `user` (`id`),
  CONSTRAINT `FK_Reference_7` FOREIGN KEY (`category_id`) REFERENCES `category` (`id`)
) ENGINE=InnoDB AUTO_INCREMENT=14 DEFAULT CHARSET=utf8 COMMENT='æ–‡ç« è¡¨';
/*!40101 SET character_set_client = @saved_cs_client */;

--
-- Dumping data for table `article`
--

LOCK TABLES `article` WRITE;
/*!40000 ALTER TABLE `article` DISABLE KEYS */;
INSERT INTO `article` VALUES (1,'1','1',0,1,1,1,7,'java','2018-03-26 16:26:41','2018-03-26 16:26:43'),(2,'2','2',0,1,1,1,4,'redis','2018-03-26 16:28:30','2018-03-26 16:28:33'),(5,'1','',0,0,1,1,4,'redis','2018-05-17 18:56:53','2018-05-17 18:56:53'),(6,'1','',0,0,1,1,4,'redis','2018-05-17 18:58:32','2018-05-17 18:58:32'),(7,'1','123',0,0,1,1,4,'redis','2018-05-17 19:00:58','2018-05-17 19:00:58'),(8,'1','123',0,0,1,1,7,'java','2018-05-17 19:02:10','2018-05-17 19:02:10'),(9,'1','123',0,0,1,1,7,'java','2018-05-17 19:04:13','2018-05-17 19:04:13'),(10,'1','123',0,0,1,1,7,'java','2018-05-17 19:04:46','2018-05-17 19:04:46'),(11,'è®¾è®¡æ¨¡å¼ä¹‹ç­–ç•¥æ¨¡å¼','# å®šä¹‰\n\nã€ŠHead Firstã€‹ä¸­å¯¹ç­–ç•¥æ¨¡å¼å®šä¹‰å¦‚ä¸‹:**ç­–ç•¥æ¨¡å¼å®šä¹‰äº†ç®—æ³•æ—ï¼Œåˆ†åˆ«å°è£…èµ·æ¥ï¼Œè®©ä»–ä»¬ä¹‹é—´å¯ä»¥äº’ç›¸æ›¿æ¢ã€‚æ­¤æ¨¡å¼è®©ç®—æ³•çš„å˜åŒ–ç‹¬ç«‹äºä½¿ç”¨ç®—æ³•çš„å®¢æˆ·ã€‚**\n\nok,ç›¸ä¿¡å¯¹äºåˆå­¦è€…è€Œè¨€ï¼Œçœ‹åˆ°è¿™ä¸ªå®šä¹‰è‚¯å®šä¸€è„¸æ‡µé€¼ï¼Œæ²¡å…³ç³»ï¼Œå¾€ä¸‹çœ‹ï¼Œæˆ‘ä¼šç”¨å®é™…ä¾‹å­è®©ä½ æ˜ç™½ä»€ä¹ˆæ˜¯ç­–ç•¥æ¨¡å¼ã€‚\n\n# æ¡ˆä¾‹\n## èƒŒæ™¯\nç°åœ¨è¦ç¼–å†™ä¸€ä¸ªä¸æ–­ç”Ÿäº§é¸­å­çš„ç¨‹åºï¼Œè¿™äº›é¸­å­å…¶ä»–åœ°æ–¹éƒ½ä¸€æ ·ï¼Œåªæœ‰é£è¡Œè¡Œä¸º(flyBehavior)å’Œå«çš„è¡Œä¸º(quackBehavior)ä¸åŒã€‚\n## æ–¹æ¡ˆä¸€ï¼šç»§æ‰¿\næ€è·¯ï¼šä½¿ç”¨ä¸€ä¸ªè¶…ç±»Duckç»Ÿé¢†å…¨å±€ï¼Œå…¶ä»–é¸­å­ç±»ç»§æ‰¿Duckç±»\n```\n/**\n * é¸­å­è¶…ç±»\n *\n * @author wb-ny291824\n * @version $Id: Duck.java, v 0.1 2018-03-16 16:56 wb-ny291824 Exp $$\n */\npublic abstract class Duck {\n\n    /**\n     * è…¿çš„æ•°é‡\n     */\n    protected int legs;\n\n    /**\n     * é£è¡Œ\n     */\n    public void fly() {\n        System.out.println(\"I can fly\");\n    }\n\n    /**\n     * å«\n     */\n    public void quack() {\n        System.out.println(\"å‘±å‘±å‘±\");\n    }\n}\n```',0,0,1,1,8,'javaåŸºç¡€','2018-05-17 19:40:53','2018-05-17 19:40:53'),(13,'1','<h1 id=\"-\">å®šä¹‰</h1>\n<p>ã€ŠHead Firstã€‹ä¸­å¯¹ç­–ç•¥æ¨¡å¼å®šä¹‰å¦‚ä¸‹:<strong>ç­–ç•¥æ¨¡å¼å®šä¹‰äº†ç®—æ³•æ—ï¼Œåˆ†åˆ«å°è£…èµ·æ¥ï¼Œè®©ä»–ä»¬ä¹‹é—´å¯ä»¥äº’ç›¸æ›¿æ¢ã€‚æ­¤æ¨¡å¼è®©ç®—æ³•çš„å˜åŒ–ç‹¬ç«‹äºä½¿ç”¨ç®—æ³•çš„å®¢æˆ·ã€‚</strong></p>\n<p>ok,ç›¸ä¿¡å¯¹äºåˆå­¦è€…è€Œè¨€ï¼Œçœ‹åˆ°è¿™ä¸ªå®šä¹‰è‚¯å®šä¸€è„¸æ‡µé€¼ï¼Œæ²¡å…³ç³»ï¼Œå¾€ä¸‹çœ‹ï¼Œæˆ‘ä¼šç”¨å®é™…ä¾‹å­è®©ä½ æ˜ç™½ä»€ä¹ˆæ˜¯ç­–ç•¥æ¨¡å¼ã€‚</p>\n<h1 id=\"-\">æ¡ˆä¾‹</h1>\n<h2 id=\"-\">èƒŒæ™¯</h2>\n<p>ç°åœ¨è¦ç¼–å†™ä¸€ä¸ªä¸æ–­ç”Ÿäº§é¸­å­çš„ç¨‹åºï¼Œè¿™äº›é¸­å­å…¶ä»–åœ°æ–¹éƒ½ä¸€æ ·ï¼Œåªæœ‰é£è¡Œè¡Œä¸º(flyBehavior)å’Œå«çš„è¡Œä¸º(quackBehavior)ä¸åŒã€‚</p>\n<h2 id=\"-\">æ–¹æ¡ˆä¸€ï¼šç»§æ‰¿</h2>\n<p>æ€è·¯ï¼šä½¿ç”¨ä¸€ä¸ªè¶…ç±»Duckç»Ÿé¢†å…¨å±€ï¼Œå…¶ä»–é¸­å­ç±»ç»§æ‰¿Duckç±»</p>\n<pre><code>/**\n * é¸­å­è¶…ç±»\n *\n * @author wb-ny291824\n * @version $Id: Duck.java, v 0.1 2018-03-16 16:56 wb-ny291824 Exp $$\n */\npublic abstract class Duck {\n\n    /**\n     * è…¿çš„æ•°é‡\n     */\n    protected int legs;\n\n    /**\n     * é£è¡Œ\n     */\n    public void fly() {\n        System.out.println(&quot;I can fly&quot;);\n    }\n\n    /**\n     * å«\n     */\n    public void quack() {\n        System.out.println(&quot;å‘±å‘±å‘±&quot;);\n    }\n}\n</code></pre>',0,0,1,1,7,'java','2018-05-30 20:36:07','2018-05-30 20:36:07');
/*!40000 ALTER TABLE `article` ENABLE KEYS */;
UNLOCK TABLES;

--
-- Table structure for table `article_ext`
--

DROP TABLE IF EXISTS `article_ext`;
/*!40101 SET @saved_cs_client     = @@character_set_client */;
/*!40101 SET character_set_client = utf8 */;
CREATE TABLE `article_ext` (
  `id` bigint(20) NOT NULL AUTO_INCREMENT COMMENT 'ä¸»é”®',
  `good` int(11) DEFAULT '0' COMMENT 'æ–‡ç« é¡¶æ•°é‡',
  `bad` int(11) DEFAULT '0' COMMENT 'æ–‡ç« è¸©æ•°é‡',
  `pageviews` int(20) DEFAULT '0' COMMENT 'æµè§ˆæ•°',
  `article_id` bigint(20) NOT NULL,
  `gmt_create` datetime NOT NULL,
  `gmt_modified` datetime NOT NULL,
  PRIMARY KEY (`id`),
  KEY `FK_Reference_2` (`article_id`),
  CONSTRAINT `FK_Reference_2` FOREIGN KEY (`article_id`) REFERENCES `article` (`id`)
) ENGINE=InnoDB AUTO_INCREMENT=2 DEFAULT CHARSET=utf8 COMMENT='æ–‡ç« çš„æ‰©å±•å±æ€§è¡¨ï¼šå›¾ç‰‡ ç‚¹å‡»é‡ é¡¶ è¸©ç­‰';
/*!40101 SET character_set_client = @saved_cs_client */;

--
-- Dumping data for table `article_ext`
--

LOCK TABLES `article_ext` WRITE;
/*!40000 ALTER TABLE `article_ext` DISABLE KEYS */;
INSERT INTO `article_ext` VALUES (1,1,1,100,1,'2018-04-27 08:08:01','2018-04-27 08:08:07');
/*!40000 ALTER TABLE `article_ext` ENABLE KEYS */;
UNLOCK TABLES;

--
-- Table structure for table `article_tag_rel`
--

DROP TABLE IF EXISTS `article_tag_rel`;
/*!40101 SET @saved_cs_client     = @@character_set_client */;
/*!40101 SET character_set_client = utf8 */;
CREATE TABLE `article_tag_rel` (
  `id` bigint(20) NOT NULL AUTO_INCREMENT COMMENT 'ä¸»é”®',
  `gmt_create` datetime NOT NULL COMMENT 'åˆ›å»ºæ—¶é—´',
  `gmt_modified` datetime NOT NULL COMMENT 'ä¿®æ”¹æ—¶é—´',
  `article_id` bigint(20) NOT NULL,
  `tag_id` bigint(20) NOT NULL,
  `tag_name` varchar(20) NOT NULL COMMENT 'æ ‡ç­¾åç§°',
  PRIMARY KEY (`id`)
) ENGINE=InnoDB AUTO_INCREMENT=21 DEFAULT CHARSET=utf8;
/*!40101 SET character_set_client = @saved_cs_client */;

--
-- Dumping data for table `article_tag_rel`
--

LOCK TABLES `article_tag_rel` WRITE;
/*!40000 ALTER TABLE `article_tag_rel` DISABLE KEYS */;
INSERT INTO `article_tag_rel` VALUES (1,'2018-03-26 16:27:30','2018-03-26 16:27:32',1,1,'java'),(2,'2018-03-26 16:27:55','2018-03-26 16:27:57',1,2,'spring'),(3,'2018-03-26 16:28:43','2018-03-26 16:28:44',2,1,'java'),(4,'2018-03-26 16:42:45','2018-03-26 16:42:47',2,2,'spring'),(5,'2018-03-26 16:43:10','2018-03-26 16:43:12',1,2,'spring'),(6,'2018-05-17 18:57:06','2018-05-17 18:57:06',5,26,'1'),(7,'2018-05-17 18:57:06','2018-05-17 18:57:06',5,27,'2'),(8,'2018-05-17 18:57:06','2018-05-17 18:57:06',5,28,'3'),(9,'2018-05-17 18:58:32','2018-05-17 18:58:32',6,29,'1'),(10,'2018-05-17 18:58:32','2018-05-17 18:58:32',6,30,'2'),(11,'2018-05-17 18:58:32','2018-05-17 18:58:32',6,31,'3'),(12,'2018-05-17 19:00:58','2018-05-17 19:00:58',7,32,'1'),(13,'2018-05-17 19:00:58','2018-05-17 19:00:58',7,33,'2'),(14,'2018-05-17 19:00:58','2018-05-17 19:00:58',7,34,'3'),(15,'2018-05-17 19:02:10','2018-05-17 19:02:10',8,35,'1'),(16,'2018-05-17 19:04:13','2018-05-17 19:04:13',9,36,'1'),(17,'2018-05-17 19:04:46','2018-05-17 19:04:46',10,37,'1'),(18,'2018-05-17 19:40:53','2018-05-17 19:40:53',11,38,'è®¾è®¡æ¨¡å¼'),(20,'2018-05-30 20:36:07','2018-05-30 20:36:07',13,40,'æµ‹è¯•');
/*!40000 ALTER TABLE `article_tag_rel` ENABLE KEYS */;
UNLOCK TABLES;

--
-- Table structure for table `blog_keji`
--

DROP TABLE IF EXISTS `blog_keji`;
/*!40101 SET @saved_cs_client     = @@character_set_client */;
/*!40101 SET character_set_client = utf8 */;
CREATE TABLE `blog_keji` (
  `field1` varchar(255) DEFAULT NULL
) ENGINE=InnoDB DEFAULT CHARSET=latin1;
/*!40101 SET character_set_client = @saved_cs_client */;

--
-- Dumping data for table `blog_keji`
--

LOCK TABLES `blog_keji` WRITE;
/*!40000 ALTER TABLE `blog_keji` DISABLE KEYS */;
/*!40000 ALTER TABLE `blog_keji` ENABLE KEYS */;
UNLOCK TABLES;

--
-- Table structure for table `category`
--

DROP TABLE IF EXISTS `category`;
/*!40101 SET @saved_cs_client     = @@character_set_client */;
/*!40101 SET character_set_client = utf8 */;
CREATE TABLE `category` (
  `id` bigint(20) NOT NULL AUTO_INCREMENT,
  `name` varchar(10) NOT NULL,
  `parent_name` varchar(10) NOT NULL,
  `type` tinyint(1) NOT NULL DEFAULT '1' COMMENT 'æ˜¯å¦æ˜¯çˆ¶èŠ‚ç‚¹:1è¡¨ç¤ºæ˜¯ï¼Œ0è¡¨ç¤ºä¸æ˜¯',
  `parent_id` bigint(20) NOT NULL DEFAULT '0',
  `gmt_created` datetime NOT NULL,
  `gmt_modified` datetime NOT NULL,
  PRIMARY KEY (`id`)
) ENGINE=InnoDB AUTO_INCREMENT=9 DEFAULT CHARSET=utf8 COMMENT='åˆ†ç±»è¡¨';
/*!40101 SET character_set_client = @saved_cs_client */;

--
-- Dumping data for table `category`
--

LOCK TABLES `category` WRITE;
/*!40000 ALTER TABLE `category` DISABLE KEYS */;
INSERT INTO `category` VALUES (4,'redis','ä¸€çº§èœå•',0,0,'2018-03-25 16:51:03','2018-03-25 17:57:15'),(6,'rediså…¥é–€','cashi22',1,4,'2018-03-25 17:27:38','2018-03-25 17:57:33'),(7,'java','ä¸€çº§èœå•',0,0,'2018-03-25 17:57:01','2018-03-25 17:57:01'),(8,'javaåŸºç¡€','java',1,7,'2018-03-25 17:57:57','2018-03-25 17:59:29');
/*!40000 ALTER TABLE `category` ENABLE KEYS */;
UNLOCK TABLES;

--
-- Table structure for table `comments`
--

DROP TABLE IF EXISTS `comments`;
/*!40101 SET @saved_cs_client     = @@character_set_client */;
/*!40101 SET character_set_client = utf8 */;
CREATE TABLE `comments` (
  `id` bigint(20) NOT NULL AUTO_INCREMENT,
  `post` int(20) DEFAULT NULL COMMENT 'é¢„ç•™å­—æ®µ',
  `content` text,
  `article_id` bigint(20) DEFAULT NULL,
  `user_id` bigint(20) DEFAULT NULL,
  `status` tinyint(1) NOT NULL DEFAULT '0' COMMENT 'è¯„è®ºçŠ¶æ€ 0ï¼šæ­£å¸¸ï¼Œ1ï¼šåˆ é™¤',
  `gmt_created` datetime NOT NULL,
  `gmt_modified` datetime NOT NULL,
  PRIMARY KEY (`id`),
  KEY `FK_Reference_3` (`article_id`),
  KEY `FK_Reference_4` (`user_id`),
  CONSTRAINT `FK_Reference_3` FOREIGN KEY (`article_id`) REFERENCES `article` (`id`),
  CONSTRAINT `FK_Reference_4` FOREIGN KEY (`user_id`) REFERENCES `user` (`id`)
) ENGINE=InnoDB DEFAULT CHARSET=utf8 COMMENT='è¯„è®ºè¡¨';
/*!40101 SET character_set_client = @saved_cs_client */;

--
-- Dumping data for table `comments`
--

LOCK TABLES `comments` WRITE;
/*!40000 ALTER TABLE `comments` DISABLE KEYS */;
/*!40000 ALTER TABLE `comments` ENABLE KEYS */;
UNLOCK TABLES;

--
-- Table structure for table `hits`
--

DROP TABLE IF EXISTS `hits`;
/*!40101 SET @saved_cs_client     = @@character_set_client */;
/*!40101 SET character_set_client = utf8 */;
CREATE TABLE `hits` (
  `hits_id` bigint(20) NOT NULL AUTO_INCREMENT,
  `article_id` bigint(20) DEFAULT NULL,
  `hit_count` bigint(20) DEFAULT NULL,
  `gmt_created` datetime DEFAULT NULL,
  `gmt_modified` datetime DEFAULT NULL,
  PRIMARY KEY (`hits_id`),
  KEY `FK_Reference_5` (`article_id`),
  CONSTRAINT `FK_Reference_5` FOREIGN KEY (`article_id`) REFERENCES `article` (`id`)
) ENGINE=InnoDB DEFAULT CHARSET=utf8 COMMENT='ç‚¹å‡»é‡è¡¨';
/*!40101 SET character_set_client = @saved_cs_client */;

--
-- Dumping data for table `hits`
--

LOCK TABLES `hits` WRITE;
/*!40000 ALTER TABLE `hits` DISABLE KEYS */;
/*!40000 ALTER TABLE `hits` ENABLE KEYS */;
UNLOCK TABLES;

--
-- Table structure for table `info_board`
--

DROP TABLE IF EXISTS `info_board`;
/*!40101 SET @saved_cs_client     = @@character_set_client */;
/*!40101 SET character_set_client = utf8 */;
CREATE TABLE `info_board` (
  `id` bigint(20) NOT NULL AUTO_INCREMENT,
  `gmt_create` datetime NOT NULL,
  `gmt_modified` datetime NOT NULL,
  `title` varchar(20) DEFAULT NULL,
  `content` text,
  PRIMARY KEY (`id`)
) ENGINE=InnoDB AUTO_INCREMENT=4 DEFAULT CHARSET=utf8 COMMENT='Xin xi ban ';
/*!40101 SET character_set_client = @saved_cs_client */;

--
-- Dumping data for table `info_board`
--

LOCK TABLES `info_board` WRITE;
/*!40000 ALTER TABLE `info_board` DISABLE KEYS */;
INSERT INTO `info_board` VALUES (2,'2018-03-24 10:19:50','2018-03-24 11:02:12','ç½‘ç«™ä¿¡æ¯','<ul><li>ç½‘ç«™åç§°ï¼šå…‹å·±çš„åšå®¢</li><li>åšå®¢ç³»ç»Ÿï¼š<a href=\"//github.com/miyakowork\" target=\"_blank\" style=\"font-style: italic;\"><i class=\"layui-icon\">î˜¨</i> NoteBlog</a></li><li>qqç¾¤ï¼š123456789</li><li>å‰ç«¯UIï¼š<a href=\"//layui.com\" target=\"_blank\">layui 2.x</a></li><li>åç«¯æ¶æ„ï¼š<a href=\"https://projects.spring.io/spring-boot/\" target=\"_blank\">SpringBoot</a> 1.6.9 ç³»åˆ—ç­‰</li></ul>'),(3,'2018-03-24 11:03:48','2018-03-24 11:03:48','ç”¨æˆ·ç™»å½•','è¯·ç™»å½•');
/*!40000 ALTER TABLE `info_board` ENABLE KEYS */;
UNLOCK TABLES;

--
-- Table structure for table `nav`
--

DROP TABLE IF EXISTS `nav`;
/*!40101 SET @saved_cs_client     = @@character_set_client */;
/*!40101 SET character_set_client = utf8 */;
CREATE TABLE `nav` (
  `id` bigint(20) NOT NULL AUTO_INCREMENT,
  `gmt_create` datetime NOT NULL COMMENT 'åˆ›å»ºæ—¶é—´',
  `gmt_modified` datetime NOT NULL COMMENT 'ä¿®æ”¹æ—¶é—´',
  `name` varchar(20) NOT NULL COMMENT 'å¯¼èˆªçš„åç§°',
  `icon` varchar(20) NOT NULL COMMENT 'icon',
  `url` varchar(255) NOT NULL COMMENT 'è·³è½¬åœ°å€',
  `status` tinyint(4) NOT NULL COMMENT 'çŠ¶æ€',
  PRIMARY KEY (`id`)
) ENGINE=InnoDB AUTO_INCREMENT=12 DEFAULT CHARSET=utf8 COMMENT='é¦–é¡µå¯¼èˆªè¡¨';
/*!40101 SET character_set_client = @saved_cs_client */;

--
-- Dumping data for table `nav`
--

LOCK TABLES `nav` WRITE;
/*!40000 ALTER TABLE `nav` DISABLE KEYS */;
INSERT INTO `nav` VALUES (5,'2018-03-23 14:05:22','2018-03-23 14:05:22','ä¸»é¡µ','icon-home1','/index',1),(6,'2018-03-23 14:07:35','2018-03-23 14:07:35','ç¬”è®°','icon-timeline','/home/note.html',1),(7,'2018-03-23 14:11:53','2018-03-23 14:11:53','Github','icon-GitHub','https://github.com/',1),(8,'2018-03-23 14:12:40','2018-03-23 14:12:40','å…³äº','icon-about','/home/about.html',1),(11,'2018-05-02 18:20:46','2018-05-02 18:27:00','å†™åšå®¢','icon-create','/home/createBlog.html',1);
/*!40000 ALTER TABLE `nav` ENABLE KEYS */;
UNLOCK TABLES;

--
-- Table structure for table `picture`
--

DROP TABLE IF EXISTS `picture`;
/*!40101 SET @saved_cs_client     = @@character_set_client */;
/*!40101 SET character_set_client = utf8 */;
CREATE TABLE `picture` (
  `id` bigint(20) NOT NULL AUTO_INCREMENT,
  `name` varchar(50) DEFAULT NULL,
  `resource` varchar(255) NOT NULL COMMENT 'å›¾ç‰‡åœ°å€',
  `status` tinyint(1) NOT NULL DEFAULT '0' COMMENT 'å›¾ç‰‡çŠ¶æ€',
  `order_num` int(11) DEFAULT '1' COMMENT 'æ’åº',
  `article_id` bigint(20) NOT NULL,
  `gmt_created` datetime NOT NULL,
  `gmt_modified` datetime NOT NULL,
  PRIMARY KEY (`id`),
  KEY `FK_Reference_6` (`article_id`),
  CONSTRAINT `FK_Reference_6` FOREIGN KEY (`article_id`) REFERENCES `article` (`id`)
) ENGINE=InnoDB DEFAULT CHARSET=utf8 COMMENT='å›¾ç‰‡è¡¨';
/*!40101 SET character_set_client = @saved_cs_client */;

--
-- Dumping data for table `picture`
--

LOCK TABLES `picture` WRITE;
/*!40000 ALTER TABLE `picture` DISABLE KEYS */;
/*!40000 ALTER TABLE `picture` ENABLE KEYS */;
UNLOCK TABLES;

--
-- Table structure for table `qrtz_blob_triggers`
--

DROP TABLE IF EXISTS `qrtz_blob_triggers`;
/*!40101 SET @saved_cs_client     = @@character_set_client */;
/*!40101 SET character_set_client = utf8 */;
CREATE TABLE `qrtz_blob_triggers` (
  `SCHED_NAME` varchar(120) NOT NULL,
  `TRIGGER_NAME` varchar(200) NOT NULL,
  `TRIGGER_GROUP` varchar(200) NOT NULL,
  `BLOB_DATA` blob,
  PRIMARY KEY (`SCHED_NAME`,`TRIGGER_NAME`,`TRIGGER_GROUP`),
  KEY `SCHED_NAME` (`SCHED_NAME`,`TRIGGER_NAME`,`TRIGGER_GROUP`),
  CONSTRAINT `qrtz_blob_triggers_ibfk_1` FOREIGN KEY (`SCHED_NAME`, `TRIGGER_NAME`, `TRIGGER_GROUP`) REFERENCES `qrtz_triggers` (`SCHED_NAME`, `TRIGGER_NAME`, `TRIGGER_GROUP`)
) ENGINE=InnoDB DEFAULT CHARSET=utf8;
/*!40101 SET character_set_client = @saved_cs_client */;

--
-- Dumping data for table `qrtz_blob_triggers`
--

LOCK TABLES `qrtz_blob_triggers` WRITE;
/*!40000 ALTER TABLE `qrtz_blob_triggers` DISABLE KEYS */;
/*!40000 ALTER TABLE `qrtz_blob_triggers` ENABLE KEYS */;
UNLOCK TABLES;

--
-- Table structure for table `qrtz_calendars`
--

DROP TABLE IF EXISTS `qrtz_calendars`;
/*!40101 SET @saved_cs_client     = @@character_set_client */;
/*!40101 SET character_set_client = utf8 */;
CREATE TABLE `qrtz_calendars` (
  `SCHED_NAME` varchar(120) NOT NULL,
  `CALENDAR_NAME` varchar(200) NOT NULL,
  `CALENDAR` blob NOT NULL,
  PRIMARY KEY (`SCHED_NAME`,`CALENDAR_NAME`)
) ENGINE=InnoDB DEFAULT CHARSET=utf8;
/*!40101 SET character_set_client = @saved_cs_client */;

--
-- Dumping data for table `qrtz_calendars`
--

LOCK TABLES `qrtz_calendars` WRITE;
/*!40000 ALTER TABLE `qrtz_calendars` DISABLE KEYS */;
/*!40000 ALTER TABLE `qrtz_calendars` ENABLE KEYS */;
UNLOCK TABLES;

--
-- Table structure for table `qrtz_cron_triggers`
--

DROP TABLE IF EXISTS `qrtz_cron_triggers`;
/*!40101 SET @saved_cs_client     = @@character_set_client */;
/*!40101 SET character_set_client = utf8 */;
CREATE TABLE `qrtz_cron_triggers` (
  `SCHED_NAME` varchar(120) NOT NULL,
  `TRIGGER_NAME` varchar(200) NOT NULL,
  `TRIGGER_GROUP` varchar(200) NOT NULL,
  `CRON_EXPRESSION` varchar(120) NOT NULL,
  `TIME_ZONE_ID` varchar(80) DEFAULT NULL,
  PRIMARY KEY (`SCHED_NAME`,`TRIGGER_NAME`,`TRIGGER_GROUP`),
  CONSTRAINT `qrtz_cron_triggers_ibfk_1` FOREIGN KEY (`SCHED_NAME`, `TRIGGER_NAME`, `TRIGGER_GROUP`) REFERENCES `qrtz_triggers` (`SCHED_NAME`, `TRIGGER_NAME`, `TRIGGER_GROUP`)
) ENGINE=InnoDB DEFAULT CHARSET=utf8;
/*!40101 SET character_set_client = @saved_cs_client */;

--
-- Dumping data for table `qrtz_cron_triggers`
--

LOCK TABLES `qrtz_cron_triggers` WRITE;
/*!40000 ALTER TABLE `qrtz_cron_triggers` DISABLE KEYS */;
INSERT INTO `qrtz_cron_triggers` VALUES ('RenrenScheduler','TASK_4','DEFAULT','0/5 * * * * ? ','Asia/Shanghai');
/*!40000 ALTER TABLE `qrtz_cron_triggers` ENABLE KEYS */;
UNLOCK TABLES;

--
-- Table structure for table `qrtz_fired_triggers`
--

DROP TABLE IF EXISTS `qrtz_fired_triggers`;
/*!40101 SET @saved_cs_client     = @@character_set_client */;
/*!40101 SET character_set_client = utf8 */;
CREATE TABLE `qrtz_fired_triggers` (
  `SCHED_NAME` varchar(120) NOT NULL,
  `ENTRY_ID` varchar(95) NOT NULL,
  `TRIGGER_NAME` varchar(200) NOT NULL,
  `TRIGGER_GROUP` varchar(200) NOT NULL,
  `INSTANCE_NAME` varchar(200) NOT NULL,
  `FIRED_TIME` bigint(13) NOT NULL,
  `SCHED_TIME` bigint(13) NOT NULL,
  `PRIORITY` int(11) NOT NULL,
  `STATE` varchar(16) NOT NULL,
  `JOB_NAME` varchar(200) DEFAULT NULL,
  `JOB_GROUP` varchar(200) DEFAULT NULL,
  `IS_NONCONCURRENT` varchar(1) DEFAULT NULL,
  `REQUESTS_RECOVERY` varchar(1) DEFAULT NULL,
  PRIMARY KEY (`SCHED_NAME`,`ENTRY_ID`),
  KEY `IDX_QRTZ_FT_TRIG_INST_NAME` (`SCHED_NAME`,`INSTANCE_NAME`),
  KEY `IDX_QRTZ_FT_INST_JOB_REQ_RCVRY` (`SCHED_NAME`,`INSTANCE_NAME`,`REQUESTS_RECOVERY`),
  KEY `IDX_QRTZ_FT_J_G` (`SCHED_NAME`,`JOB_NAME`,`JOB_GROUP`),
  KEY `IDX_QRTZ_FT_JG` (`SCHED_NAME`,`JOB_GROUP`),
  KEY `IDX_QRTZ_FT_T_G` (`SCHED_NAME`,`TRIGGER_NAME`,`TRIGGER_GROUP`),
  KEY `IDX_QRTZ_FT_TG` (`SCHED_NAME`,`TRIGGER_GROUP`)
) ENGINE=InnoDB DEFAULT CHARSET=utf8;
/*!40101 SET character_set_client = @saved_cs_client */;

--
-- Dumping data for table `qrtz_fired_triggers`
--

LOCK TABLES `qrtz_fired_triggers` WRITE;
/*!40000 ALTER TABLE `qrtz_fired_triggers` DISABLE KEYS */;
/*!40000 ALTER TABLE `qrtz_fired_triggers` ENABLE KEYS */;
UNLOCK TABLES;

--
-- Table structure for table `qrtz_job_details`
--

DROP TABLE IF EXISTS `qrtz_job_details`;
/*!40101 SET @saved_cs_client     = @@character_set_client */;
/*!40101 SET character_set_client = utf8 */;
CREATE TABLE `qrtz_job_details` (
  `SCHED_NAME` varchar(120) NOT NULL,
  `JOB_NAME` varchar(200) NOT NULL,
  `JOB_GROUP` varchar(200) NOT NULL,
  `DESCRIPTION` varchar(250) DEFAULT NULL,
  `JOB_CLASS_NAME` varchar(250) NOT NULL,
  `IS_DURABLE` varchar(1) NOT NULL,
  `IS_NONCONCURRENT` varchar(1) NOT NULL,
  `IS_UPDATE_DATA` varchar(1) NOT NULL,
  `REQUESTS_RECOVERY` varchar(1) NOT NULL,
  `JOB_DATA` blob,
  PRIMARY KEY (`SCHED_NAME`,`JOB_NAME`,`JOB_GROUP`),
  KEY `IDX_QRTZ_J_REQ_RECOVERY` (`SCHED_NAME`,`REQUESTS_RECOVERY`),
  KEY `IDX_QRTZ_J_GRP` (`SCHED_NAME`,`JOB_GROUP`)
) ENGINE=InnoDB DEFAULT CHARSET=utf8;
/*!40101 SET character_set_client = @saved_cs_client */;

--
-- Dumping data for table `qrtz_job_details`
--

LOCK TABLES `qrtz_job_details` WRITE;
/*!40000 ALTER TABLE `qrtz_job_details` DISABLE KEYS */;
INSERT INTO `qrtz_job_details` VALUES ('RenrenScheduler','TASK_4','DEFAULT',NULL,'com.keji.blog.util.schedule.ScheduleJob','0','0','0','0','¬\í\0sr\0org.quartz.JobDataMapŸ°ƒè¿©°\Ë\0\0xr\0&org.quartz.utils.StringKeyDirtyFlagMap‚\è\Ãû\Å](\0Z\0allowsTransientDataxr\0org.quartz.utils.DirtyFlagMap\æ.­(v\n\Î\0Z\0dirtyL\0mapt\0Ljava/util/Map;xpsr\0java.util.HashMap\ÚÁ\Ã`\Ñ\0F\0\nloadFactorI\0	thresholdxp?@\0\0\0\0\0w\0\0\0\0\0\0t\0\rJOB_PARAM_KEYsr\0&com.keji.blog.dataobject.ScheduleJobDO&õ\ã0ˆ9\äP\0	L\0beanNamet\0Ljava/lang/String;L\0cronExpressionq\0~\0	L\0\ngmtCreatedt\0Ljava/util/Date;L\0gmtModifiedq\0~\0\nL\0idt\0Ljava/lang/Long;L\0\nmethodNameq\0~\0	L\0paramsq\0~\0	L\0remarkq\0~\0	L\0statust\0Ljava/lang/Integer;xpt\0testTaskt\00/5 * * * * ? ppsr\0java.lang.Long;‹\äÌ#\ß\0J\0valuexr\0java.lang.Number†¬•”\à‹\0\0xp\0\0\0\0\0\0\0t\0testppsr\0java.lang.Integerâ ¤÷‡8\0I\0valuexq\0~\0\0\0\0\0x\0');
/*!40000 ALTER TABLE `qrtz_job_details` ENABLE KEYS */;
UNLOCK TABLES;

--
-- Table structure for table `qrtz_locks`
--

DROP TABLE IF EXISTS `qrtz_locks`;
/*!40101 SET @saved_cs_client     = @@character_set_client */;
/*!40101 SET character_set_client = utf8 */;
CREATE TABLE `qrtz_locks` (
  `SCHED_NAME` varchar(120) NOT NULL,
  `LOCK_NAME` varchar(40) NOT NULL,
  PRIMARY KEY (`SCHED_NAME`,`LOCK_NAME`)
) ENGINE=InnoDB DEFAULT CHARSET=utf8;
/*!40101 SET character_set_client = @saved_cs_client */;

--
-- Dumping data for table `qrtz_locks`
--

LOCK TABLES `qrtz_locks` WRITE;
/*!40000 ALTER TABLE `qrtz_locks` DISABLE KEYS */;
INSERT INTO `qrtz_locks` VALUES ('BlogScheduler','STATE_ACCESS'),('BlogScheduler','TRIGGER_ACCESS'),('RenrenScheduler','STATE_ACCESS'),('RenrenScheduler','TRIGGER_ACCESS');
/*!40000 ALTER TABLE `qrtz_locks` ENABLE KEYS */;
UNLOCK TABLES;

--
-- Table structure for table `qrtz_paused_trigger_grps`
--

DROP TABLE IF EXISTS `qrtz_paused_trigger_grps`;
/*!40101 SET @saved_cs_client     = @@character_set_client */;
/*!40101 SET character_set_client = utf8 */;
CREATE TABLE `qrtz_paused_trigger_grps` (
  `SCHED_NAME` varchar(120) NOT NULL,
  `TRIGGER_GROUP` varchar(200) NOT NULL,
  PRIMARY KEY (`SCHED_NAME`,`TRIGGER_GROUP`)
) ENGINE=InnoDB DEFAULT CHARSET=utf8;
/*!40101 SET character_set_client = @saved_cs_client */;

--
-- Dumping data for table `qrtz_paused_trigger_grps`
--

LOCK TABLES `qrtz_paused_trigger_grps` WRITE;
/*!40000 ALTER TABLE `qrtz_paused_trigger_grps` DISABLE KEYS */;
/*!40000 ALTER TABLE `qrtz_paused_trigger_grps` ENABLE KEYS */;
UNLOCK TABLES;

--
-- Table structure for table `qrtz_scheduler_state`
--

DROP TABLE IF EXISTS `qrtz_scheduler_state`;
/*!40101 SET @saved_cs_client     = @@character_set_client */;
/*!40101 SET character_set_client = utf8 */;
CREATE TABLE `qrtz_scheduler_state` (
  `SCHED_NAME` varchar(120) NOT NULL,
  `INSTANCE_NAME` varchar(200) NOT NULL,
  `LAST_CHECKIN_TIME` bigint(13) NOT NULL,
  `CHECKIN_INTERVAL` bigint(13) NOT NULL,
  PRIMARY KEY (`SCHED_NAME`,`INSTANCE_NAME`)
) ENGINE=InnoDB DEFAULT CHARSET=utf8;
/*!40101 SET character_set_client = @saved_cs_client */;

--
-- Dumping data for table `qrtz_scheduler_state`
--

LOCK TABLES `qrtz_scheduler_state` WRITE;
/*!40000 ALTER TABLE `qrtz_scheduler_state` DISABLE KEYS */;
INSERT INTO `qrtz_scheduler_state` VALUES ('BlogScheduler','MININT-LGP9OM31510018374057',1510103956560,15000),('RenrenScheduler','localhost1536749119633',1536808855826,15000);
/*!40000 ALTER TABLE `qrtz_scheduler_state` ENABLE KEYS */;
UNLOCK TABLES;

--
-- Table structure for table `qrtz_simple_triggers`
--

DROP TABLE IF EXISTS `qrtz_simple_triggers`;
/*!40101 SET @saved_cs_client     = @@character_set_client */;
/*!40101 SET character_set_client = utf8 */;
CREATE TABLE `qrtz_simple_triggers` (
  `SCHED_NAME` varchar(120) NOT NULL,
  `TRIGGER_NAME` varchar(200) NOT NULL,
  `TRIGGER_GROUP` varchar(200) NOT NULL,
  `REPEAT_COUNT` bigint(7) NOT NULL,
  `REPEAT_INTERVAL` bigint(12) NOT NULL,
  `TIMES_TRIGGERED` bigint(10) NOT NULL,
  PRIMARY KEY (`SCHED_NAME`,`TRIGGER_NAME`,`TRIGGER_GROUP`),
  CONSTRAINT `qrtz_simple_triggers_ibfk_1` FOREIGN KEY (`SCHED_NAME`, `TRIGGER_NAME`, `TRIGGER_GROUP`) REFERENCES `qrtz_triggers` (`SCHED_NAME`, `TRIGGER_NAME`, `TRIGGER_GROUP`)
) ENGINE=InnoDB DEFAULT CHARSET=utf8;
/*!40101 SET character_set_client = @saved_cs_client */;

--
-- Dumping data for table `qrtz_simple_triggers`
--

LOCK TABLES `qrtz_simple_triggers` WRITE;
/*!40000 ALTER TABLE `qrtz_simple_triggers` DISABLE KEYS */;
/*!40000 ALTER TABLE `qrtz_simple_triggers` ENABLE KEYS */;
UNLOCK TABLES;

--
-- Table structure for table `qrtz_simprop_triggers`
--

DROP TABLE IF EXISTS `qrtz_simprop_triggers`;
/*!40101 SET @saved_cs_client     = @@character_set_client */;
/*!40101 SET character_set_client = utf8 */;
CREATE TABLE `qrtz_simprop_triggers` (
  `SCHED_NAME` varchar(120) NOT NULL,
  `TRIGGER_NAME` varchar(200) NOT NULL,
  `TRIGGER_GROUP` varchar(200) NOT NULL,
  `STR_PROP_1` varchar(512) DEFAULT NULL,
  `STR_PROP_2` varchar(512) DEFAULT NULL,
  `STR_PROP_3` varchar(512) DEFAULT NULL,
  `INT_PROP_1` int(11) DEFAULT NULL,
  `INT_PROP_2` int(11) DEFAULT NULL,
  `LONG_PROP_1` bigint(20) DEFAULT NULL,
  `LONG_PROP_2` bigint(20) DEFAULT NULL,
  `DEC_PROP_1` decimal(13,4) DEFAULT NULL,
  `DEC_PROP_2` decimal(13,4) DEFAULT NULL,
  `BOOL_PROP_1` varchar(1) DEFAULT NULL,
  `BOOL_PROP_2` varchar(1) DEFAULT NULL,
  PRIMARY KEY (`SCHED_NAME`,`TRIGGER_NAME`,`TRIGGER_GROUP`),
  CONSTRAINT `qrtz_simprop_triggers_ibfk_1` FOREIGN KEY (`SCHED_NAME`, `TRIGGER_NAME`, `TRIGGER_GROUP`) REFERENCES `qrtz_triggers` (`SCHED_NAME`, `TRIGGER_NAME`, `TRIGGER_GROUP`)
) ENGINE=InnoDB DEFAULT CHARSET=utf8;
/*!40101 SET character_set_client = @saved_cs_client */;

--
-- Dumping data for table `qrtz_simprop_triggers`
--

LOCK TABLES `qrtz_simprop_triggers` WRITE;
/*!40000 ALTER TABLE `qrtz_simprop_triggers` DISABLE KEYS */;
/*!40000 ALTER TABLE `qrtz_simprop_triggers` ENABLE KEYS */;
UNLOCK TABLES;

--
-- Table structure for table `qrtz_triggers`
--

DROP TABLE IF EXISTS `qrtz_triggers`;
/*!40101 SET @saved_cs_client     = @@character_set_client */;
/*!40101 SET character_set_client = utf8 */;
CREATE TABLE `qrtz_triggers` (
  `SCHED_NAME` varchar(120) NOT NULL,
  `TRIGGER_NAME` varchar(200) NOT NULL,
  `TRIGGER_GROUP` varchar(200) NOT NULL,
  `JOB_NAME` varchar(200) NOT NULL,
  `JOB_GROUP` varchar(200) NOT NULL,
  `DESCRIPTION` varchar(250) DEFAULT NULL,
  `NEXT_FIRE_TIME` bigint(13) DEFAULT NULL,
  `PREV_FIRE_TIME` bigint(13) DEFAULT NULL,
  `PRIORITY` int(11) DEFAULT NULL,
  `TRIGGER_STATE` varchar(16) NOT NULL,
  `TRIGGER_TYPE` varchar(8) NOT NULL,
  `START_TIME` bigint(13) NOT NULL,
  `END_TIME` bigint(13) DEFAULT NULL,
  `CALENDAR_NAME` varchar(200) DEFAULT NULL,
  `MISFIRE_INSTR` smallint(2) DEFAULT NULL,
  `JOB_DATA` blob,
  PRIMARY KEY (`SCHED_NAME`,`TRIGGER_NAME`,`TRIGGER_GROUP`),
  KEY `IDX_QRTZ_T_J` (`SCHED_NAME`,`JOB_NAME`,`JOB_GROUP`),
  KEY `IDX_QRTZ_T_JG` (`SCHED_NAME`,`JOB_GROUP`),
  KEY `IDX_QRTZ_T_C` (`SCHED_NAME`,`CALENDAR_NAME`),
  KEY `IDX_QRTZ_T_G` (`SCHED_NAME`,`TRIGGER_GROUP`),
  KEY `IDX_QRTZ_T_STATE` (`SCHED_NAME`,`TRIGGER_STATE`),
  KEY `IDX_QRTZ_T_N_STATE` (`SCHED_NAME`,`TRIGGER_NAME`,`TRIGGER_GROUP`,`TRIGGER_STATE`),
  KEY `IDX_QRTZ_T_N_G_STATE` (`SCHED_NAME`,`TRIGGER_GROUP`,`TRIGGER_STATE`),
  KEY `IDX_QRTZ_T_NEXT_FIRE_TIME` (`SCHED_NAME`,`NEXT_FIRE_TIME`),
  KEY `IDX_QRTZ_T_NFT_ST` (`SCHED_NAME`,`TRIGGER_STATE`,`NEXT_FIRE_TIME`),
  KEY `IDX_QRTZ_T_NFT_MISFIRE` (`SCHED_NAME`,`MISFIRE_INSTR`,`NEXT_FIRE_TIME`),
  KEY `IDX_QRTZ_T_NFT_ST_MISFIRE` (`SCHED_NAME`,`MISFIRE_INSTR`,`NEXT_FIRE_TIME`,`TRIGGER_STATE`),
  KEY `IDX_QRTZ_T_NFT_ST_MISFIRE_GRP` (`SCHED_NAME`,`MISFIRE_INSTR`,`NEXT_FIRE_TIME`,`TRIGGER_GROUP`,`TRIGGER_STATE`),
  CONSTRAINT `qrtz_triggers_ibfk_1` FOREIGN KEY (`SCHED_NAME`, `JOB_NAME`, `JOB_GROUP`) REFERENCES `qrtz_job_details` (`SCHED_NAME`, `JOB_NAME`, `JOB_GROUP`)
) ENGINE=InnoDB DEFAULT CHARSET=utf8;
/*!40101 SET character_set_client = @saved_cs_client */;

--
-- Dumping data for table `qrtz_triggers`
--

LOCK TABLES `qrtz_triggers` WRITE;
/*!40000 ALTER TABLE `qrtz_triggers` DISABLE KEYS */;
INSERT INTO `qrtz_triggers` VALUES ('RenrenScheduler','TASK_4','DEFAULT','TASK_4','DEFAULT',NULL,1510105655000,1510105650000,5,'PAUSED','CRON',1509694754000,0,NULL,2,'');
/*!40000 ALTER TABLE `qrtz_triggers` ENABLE KEYS */;
UNLOCK TABLES;

--
-- Table structure for table `requirement`
--

DROP TABLE IF EXISTS `requirement`;
/*!40101 SET @saved_cs_client     = @@character_set_client */;
/*!40101 SET character_set_client = utf8 */;
CREATE TABLE `requirement` (
  `id` bigint(20) NOT NULL AUTO_INCREMENT COMMENT 'éœ€æ±‚è¡¨',
  `title` varchar(255) NOT NULL COMMENT 'éœ€æ±‚çš„æ ‡é¢˜',
  `content` text COMMENT 'éœ€æ±‚å†…å®¹',
  `summary` text COMMENT 'å®Œæˆæ€»ç»“',
  `status` tinyint(11) NOT NULL COMMENT 'çŠ¶æ€(0:æ–°å»º;1:å¼€å‘ä¸­;2:å®Œæˆ;3:æ”¾å¼ƒ)',
  `gmt_created` datetime NOT NULL,
  `gmt_modified` datetime NOT NULL,
  PRIMARY KEY (`id`)
) ENGINE=InnoDB AUTO_INCREMENT=12 DEFAULT CHARSET=utf8;
/*!40101 SET character_set_client = @saved_cs_client */;

--
-- Dumping data for table `requirement`
--

LOCK TABLES `requirement` WRITE;
/*!40000 ALTER TABLE `requirement` DISABLE KEYS */;
INSERT INTO `requirement` VALUES (6,'CodeReview','å‰é¢å®Œæˆäº†æƒé™ç®¡ç†ä»¥åŠéœ€æ±‚ç®¡ç†ï¼Œå¯ä»¥å…ˆreviewä¸€ä¸‹ä»£ç ',NULL,2,'2017-10-31 10:20:43','2017-11-03 16:08:11'),(10,'å®šæ—¶ä»»åŠ¡éœ€æ±‚','ç§»æ¤renrené¡¹ç›®çš„å®šæ—¶ä»»åŠ¡','å®šæ—¶ä»»åŠ¡çš„ç›¸å…³çŸ¥è¯†è¿˜éœ€è¦å­¦ä¹ ',2,'2017-11-01 14:43:38','2017-11-03 16:09:49'),(11,'å®šæ—¶ä»»åŠ¡æœ‰ä¸€ä¸ªçº¿ç¨‹æ± æ“ä½œï¼Œçµç‹è­¦å‘Šäº†ï¼Œæ”¹æ‰','å­¦ä¹ æ€»ç»“javaçº¿ç¨‹æ± ç›¸å…³çŸ¥è¯†',NULL,2,'2017-11-03 16:09:15','2017-11-06 10:55:49');
/*!40000 ALTER TABLE `requirement` ENABLE KEYS */;
UNLOCK TABLES;

--
-- Table structure for table `resource`
--

DROP TABLE IF EXISTS `resource`;
/*!40101 SET @saved_cs_client     = @@character_set_client */;
/*!40101 SET character_set_client = utf8 */;
CREATE TABLE `resource` (
  `id` bigint(20) NOT NULL AUTO_INCREMENT COMMENT '0ï¼šç›®å½•   1ï¼šèœå•   2ï¼šæŒ‰é’®''èµ„æºid',
  `parent_id` bigint(20) DEFAULT NULL,
  `parent_name` varchar(255) CHARACTER SET utf8mb4 DEFAULT NULL COMMENT 'çˆ¶èµ„æºåå­—',
  `resource_name` varchar(255) NOT NULL,
  `resource_url` varchar(255) DEFAULT NULL,
  `permission` varchar(255) DEFAULT NULL COMMENT 'æƒé™åç§°',
  `type` tinyint(4) DEFAULT NULL COMMENT 'èµ„æºç±»å‹ 0ï¼šç›®å½•   1ï¼šèœå•   2ï¼šæŒ‰é’®''',
  `icon` varchar(50) DEFAULT NULL COMMENT 'èœå•å›¾æ ‡',
  `order_num` tinyint(11) DEFAULT NULL COMMENT 'æ’åº',
  `status` tinyint(4) NOT NULL DEFAULT '0' COMMENT '0:æ­£å¸¸ 1:åœç”¨',
  `gmt_created` datetime NOT NULL,
  `gmt_modified` datetime NOT NULL,
  PRIMARY KEY (`id`)
) ENGINE=InnoDB AUTO_INCREMENT=67 DEFAULT CHARSET=utf8;
/*!40101 SET character_set_client = @saved_cs_client */;

--
-- Dumping data for table `resource`
--

LOCK TABLES `resource` WRITE;
/*!40000 ALTER TABLE `resource` DISABLE KEYS */;
INSERT INTO `resource` VALUES (1,0,NULL,'ç³»ç»Ÿç®¡ç†','/**','',0,'fa fa-cogs',0,0,'2017-10-19 14:54:31','2018-03-27 15:25:06'),(2,59,'ç³»ç»Ÿç®¡ç†','ç”¨æˆ·ç®¡ç†','modules/authority/user.html','',1,'fa fa-user',1,0,'2017-10-20 09:49:06','2018-03-19 17:29:31'),(3,59,'ç³»ç»Ÿç®¡ç†','èœå•ç®¡ç†','modules/authority/menu.html',NULL,1,'fa fa-th-list',2,0,'2017-10-24 15:44:07','2018-03-19 17:29:37'),(4,3,'èœå•ç®¡ç†','æŸ¥çœ‹',NULL,'sys:menu:list,sys:menu:info',2,NULL,0,0,'2017-10-24 20:34:36','2017-10-24 20:34:38'),(5,3,'èœå•ç®¡ç†','æ–°å¢',NULL,'sys:menu:save,sys:menu:select',2,NULL,0,0,'2017-10-24 20:35:18','2017-10-24 20:35:21'),(6,3,'èœå•ç®¡ç†','ä¿®æ”¹',NULL,'sys:menu:update,sys:menu:select',2,NULL,0,0,'2017-10-24 20:35:50','2017-10-24 20:35:54'),(7,3,'èœå•ç®¡ç†','åˆ é™¤',NULL,'sys:menu:delete',2,NULL,0,0,'2017-10-24 20:36:27','2017-10-24 20:36:30'),(8,2,'ç”¨æˆ·ç®¡ç†','æŸ¥çœ‹',NULL,'sys:role:list,sys:role:info',2,NULL,0,0,'2017-10-25 10:30:47','2017-10-25 10:30:50'),(9,2,'ç”¨æˆ·ç®¡ç†','æ–°å¢',NULL,'sys:role:save,sys:menu:perms',2,NULL,0,0,'2017-10-25 10:31:21','2017-10-25 10:31:23'),(10,2,'ç”¨æˆ·ç®¡ç†','ä¿®æ”¹',NULL,'sys:role:update,sys:menu:perms',2,NULL,0,0,'2017-10-25 10:31:53','2017-10-25 10:31:55'),(11,2,'ç”¨æˆ·ç®¡ç†','åˆ é™¤',NULL,'sys:role:delete',2,NULL,0,0,'2017-10-25 10:32:18','2017-10-25 10:32:21'),(12,59,'ç³»ç»Ÿç®¡ç†','è§’è‰²ç®¡ç†','modules/authority/role.html',NULL,1,'fa fa-user-secret',3,0,'2017-10-25 10:34:56','2018-03-19 17:29:44'),(13,12,'è§’è‰²ç®¡ç†','æŸ¥çœ‹',NULL,'sys:user:list,sys:user:info',2,NULL,0,0,'2017-10-25 10:36:27','2017-10-25 10:36:29'),(14,12,'è§’è‰²ç®¡ç†','æ–°å¢',NULL,'sys:user:save,sys:role:select',2,NULL,0,0,'2017-10-25 10:36:50','2017-10-25 10:36:52'),(15,12,'è§’è‰²ç®¡ç†','ä¿®æ”¹',NULL,'sys:user:update,sys:role:select',2,NULL,0,0,'2017-10-25 10:37:10','2017-10-25 10:37:12'),(16,12,'è§’è‰²ç®¡ç†','åˆ é™¤',NULL,'sys:user:delete',2,NULL,0,0,'2017-10-25 10:37:30','2017-10-25 10:37:33'),(46,1,'ç³»ç»Ÿç®¡ç†','éœ€æ±‚ç®¡ç†','modules/sys/requirement.html','',1,'fa fa-list',0,0,'2017-10-30 17:14:02','2018-03-25 14:45:21'),(47,46,'éœ€æ±‚ç®¡ç†','æ–°å¢',NULL,'sys:requirement:save,sys:requirement:select',2,NULL,0,0,'2017-10-30 17:48:48','2017-10-30 17:50:03'),(48,46,'éœ€æ±‚ç®¡ç†','ä¿®æ”¹',NULL,'sys:requirement:update,sys:requirement:select',2,NULL,0,0,'2017-10-30 17:49:47','2017-10-30 17:49:47'),(49,46,'éœ€æ±‚ç®¡ç†','åˆ é™¤',NULL,'sys:requirement:delete,sys:requirement:select',2,NULL,0,0,'2017-10-30 17:50:32','2017-10-30 17:50:32'),(50,1,'ç³»ç»Ÿç®¡ç†','å®šæ—¶ä»»åŠ¡','modules/sys/schedule.html',NULL,1,'fa fa-tasks',5,0,'2017-11-02 15:01:52','2018-03-19 14:36:58'),(51,50,'å®šæ—¶ä»»åŠ¡','æŸ¥çœ‹',NULL,'sys:schedule:list,sys:schedule:info',2,NULL,0,0,'2017-11-02 15:41:32','2017-11-02 15:41:32'),(52,50,'å®šæ—¶ä»»åŠ¡','æ–°å¢',NULL,'sys:schedule:save',2,NULL,0,0,'2017-11-02 15:41:51','2017-11-02 15:41:51'),(53,50,'å®šæ—¶ä»»åŠ¡','ä¿®æ”¹',NULL,'sys:schedule:update',2,NULL,0,0,'2017-11-02 15:42:07','2017-11-02 15:42:07'),(54,50,'å®šæ—¶ä»»åŠ¡','åˆ é™¤',NULL,'sys:schedule:delete',2,NULL,0,0,'2017-11-02 15:42:19','2017-11-02 15:42:19'),(55,50,'å®šæ—¶ä»»åŠ¡','æš‚åœ',NULL,'sys:schedule:pause',2,NULL,0,0,'2017-11-02 15:42:34','2017-11-02 15:42:34'),(56,50,'å®šæ—¶ä»»åŠ¡','æ¢å¤',NULL,'sys:schedule:resume',2,NULL,0,0,'2017-11-02 15:42:48','2017-11-03 10:32:22'),(57,50,'å®šæ—¶ä»»åŠ¡','æ—¥å¿—åˆ—è¡¨',NULL,'sys:schedule:log',2,NULL,0,0,'2017-11-02 15:43:11','2017-11-02 15:43:11'),(58,50,'å®šæ—¶ä»»åŠ¡','ç«‹å³æ‰§è¡Œ',NULL,'sys:schedule:run',2,NULL,0,0,'2017-11-03 10:33:00','2017-11-03 10:33:00'),(59,0,'ä¸€çº§èœå•','æƒé™æ§åˆ¶',NULL,NULL,0,'fa fa-user-circle',2,0,'2018-03-19 17:25:20','2018-03-19 17:39:06'),(60,1,'ç³»ç»Ÿç®¡ç†','åšå®¢è®¾ç½®','modules/sys/settings.html','admin_sys_setting',1,'fa fa-cog',1,0,'2018-03-19 17:32:17','2018-03-19 17:44:06'),(61,1,'ç³»ç»Ÿç®¡ç†','å¯¼èˆªç®¡ç†','modules/sys/nav','modules:sys:nav',1,'fa fa-bars',3,0,'2018-03-22 16:18:47','2018-03-22 16:18:47'),(62,1,'ç³»ç»Ÿç®¡ç†','ä¿¡æ¯æ¿ç®¡ç†','/admin/modules/sys/infoBoard.html','sys:infoBoard',1,'fa fa-info',3,0,'2018-03-23 22:46:15','2018-03-23 22:46:15'),(64,1,'ç³»ç»Ÿç®¡ç†','åˆ†ç±»ç®¡ç†','modules/sys/category.html','sys:category',1,'fa fa-coffee',5,0,'2018-03-25 14:58:31','2018-03-25 16:32:20'),(65,1,'ç³»ç»Ÿç®¡ç†','æ ‡ç­¾ç®¡ç†','modules/sys/tag.html','sys:tag',1,'fa fa-tags',5,0,'2018-03-26 11:03:02','2018-03-26 11:03:32'),(66,1,'ç³»ç»Ÿç®¡ç†','æ–‡ç« ç®¡ç†','modules/sys/article.html','admin:article',1,'fa fa-book',6,0,'2018-03-27 15:25:06','2018-03-27 15:25:41');
/*!40000 ALTER TABLE `resource` ENABLE KEYS */;
UNLOCK TABLES;

--
-- Table structure for table `role`
--

DROP TABLE IF EXISTS `role`;
/*!40101 SET @saved_cs_client     = @@character_set_client */;
/*!40101 SET character_set_client = utf8 */;
CREATE TABLE `role` (
  `id` bigint(20) NOT NULL AUTO_INCREMENT COMMENT 'roleId',
  `role_code` varchar(255) NOT NULL COMMENT 'è§’è‰²code',
  `role_name` varchar(255) DEFAULT NULL COMMENT 'è§’è‰²åç§°',
  `status` tinyint(11) NOT NULL DEFAULT '0' COMMENT 'å–å€¼èŒƒå›´ï¼š{0:æ­£å¸¸,1:åœç”¨}',
  `gmt_created` datetime NOT NULL COMMENT 'åˆ›å»ºæ—¶é—´',
  `gmt_modified` datetime NOT NULL COMMENT 'ä¿®æ”¹æ—¶é—´',
  PRIMARY KEY (`id`)
) ENGINE=InnoDB AUTO_INCREMENT=3 DEFAULT CHARSET=utf8;
/*!40101 SET character_set_client = @saved_cs_client */;

--
-- Dumping data for table `role`
--

LOCK TABLES `role` WRITE;
/*!40000 ALTER TABLE `role` DISABLE KEYS */;
INSERT INTO `role` VALUES (1,'admin','ç®¡ç†å‘˜',0,'2017-10-19 10:55:39','2017-10-19 10:55:43'),(2,'common','æ™®é€šä¼šå‘˜',0,'2017-10-19 10:56:52','2017-10-19 10:56:55');
/*!40000 ALTER TABLE `role` ENABLE KEYS */;
UNLOCK TABLES;

--
-- Table structure for table `role_resource_rel`
--

DROP TABLE IF EXISTS `role_resource_rel`;
/*!40101 SET @saved_cs_client     = @@character_set_client */;
/*!40101 SET character_set_client = utf8 */;
CREATE TABLE `role_resource_rel` (
  `id` bigint(20) NOT NULL AUTO_INCREMENT COMMENT 'ä¸»é”®',
  `role_id` bigint(20) NOT NULL,
  `resource_id` bigint(20) NOT NULL,
  `status` tinyint(4) NOT NULL DEFAULT '0' COMMENT '0:æ­£å¸¸ 1:å¯ç”¨',
  `gmt_created` datetime NOT NULL,
  `gmt_modified` datetime NOT NULL,
  PRIMARY KEY (`id`)
) ENGINE=InnoDB AUTO_INCREMENT=18 DEFAULT CHARSET=utf8;
/*!40101 SET character_set_client = @saved_cs_client */;

--
-- Dumping data for table `role_resource_rel`
--

LOCK TABLES `role_resource_rel` WRITE;
/*!40000 ALTER TABLE `role_resource_rel` DISABLE KEYS */;
INSERT INTO `role_resource_rel` VALUES (1,2,2,0,'2017-10-19 14:55:30','2017-10-19 14:55:32'),(2,1,1,0,'2017-10-19 14:55:40','2017-10-19 14:55:43'),(3,1,2,0,'2017-10-25 10:00:41','2017-10-25 10:00:44'),(4,1,3,0,'2017-10-25 10:01:16','2017-10-25 10:01:19'),(5,1,4,0,'2017-10-25 10:02:19','2017-10-25 10:02:22'),(6,1,5,0,'2017-10-25 10:02:29','2017-10-25 10:02:31'),(7,1,6,0,'2017-10-25 10:02:40','2017-10-25 10:02:42'),(9,1,8,0,'2017-10-25 10:32:42','2017-10-25 10:32:45'),(10,1,9,0,'2017-10-25 10:32:52','2017-10-25 10:32:54'),(11,1,10,0,'2017-10-25 10:33:02','2017-10-25 10:33:04'),(12,1,11,0,'2017-10-25 10:33:11','2017-10-25 10:33:14'),(13,1,12,0,'2017-10-25 10:37:54','2017-10-25 10:37:56'),(14,1,13,0,'2017-10-25 10:38:03','2017-10-25 10:38:06'),(15,1,14,0,'2017-10-25 10:38:16','2017-10-25 10:38:18'),(16,1,15,0,'2017-10-25 10:38:45','2017-10-25 10:38:48'),(17,1,16,0,'2017-10-25 10:38:55','2017-10-25 10:38:58');
/*!40000 ALTER TABLE `role_resource_rel` ENABLE KEYS */;
UNLOCK TABLES;

--
-- Table structure for table `schedule_job`
--

DROP TABLE IF EXISTS `schedule_job`;
/*!40101 SET @saved_cs_client     = @@character_set_client */;
/*!40101 SET character_set_client = utf8 */;
CREATE TABLE `schedule_job` (
  `id` bigint(20) NOT NULL AUTO_INCREMENT COMMENT 'ä¸»é”®',
  `bean_name` varchar(255) DEFAULT NULL COMMENT 'spring beanåç§°',
  `method_name` varchar(255) DEFAULT NULL COMMENT 'æ–¹æ³•å',
  `params` varchar(255) DEFAULT NULL COMMENT 'å‚æ•°',
  `cron_expression` varchar(255) DEFAULT NULL COMMENT 'cronè¡¨è¾¾å¼',
  `remark` varchar(255) DEFAULT NULL COMMENT 'å¤‡æ³¨',
  `status` tinyint(4) NOT NULL COMMENT 'çŠ¶æ€(0:æ­£å¸¸,1:æš‚åœ,2:åœç”¨)',
  `gmt_created` datetime NOT NULL COMMENT 'åˆ›å»ºæ—¶é—´',
  `gmt_modified` datetime NOT NULL COMMENT 'ä¿®æ”¹æ—¶é—´',
  PRIMARY KEY (`id`)
) ENGINE=InnoDB AUTO_INCREMENT=5 DEFAULT CHARSET=utf8;
/*!40101 SET character_set_client = @saved_cs_client */;

--
-- Dumping data for table `schedule_job`
--

LOCK TABLES `schedule_job` WRITE;
/*!40000 ALTER TABLE `schedule_job` DISABLE KEYS */;
INSERT INTO `schedule_job` VALUES (4,'testTask','test',NULL,'0/5 * * * * ? ',NULL,1,'2017-11-03 15:39:14','2017-11-08 09:47:31');
/*!40000 ALTER TABLE `schedule_job` ENABLE KEYS */;
UNLOCK TABLES;

--
-- Table structure for table `schedule_job_log`
--

DROP TABLE IF EXISTS `schedule_job_log`;
/*!40101 SET @saved_cs_client     = @@character_set_client */;
/*!40101 SET character_set_client = utf8 */;
CREATE TABLE `schedule_job_log` (
  `id` bigint(20) NOT NULL AUTO_INCREMENT COMMENT 'ä»»åŠ¡æ—¥å¿—id',
  `job_id` bigint(20) NOT NULL COMMENT 'ä»»åŠ¡id',
  `bean_name` varchar(200) DEFAULT NULL COMMENT 'spring beanåç§°',
  `method_name` varchar(100) DEFAULT NULL COMMENT 'æ–¹æ³•å',
  `params` varchar(2000) DEFAULT NULL COMMENT 'å‚æ•°',
  `error_msg` varchar(2000) DEFAULT NULL COMMENT 'å¤±è´¥ä¿¡æ¯',
  `consume_time` int(11) NOT NULL COMMENT 'è€—æ—¶(å•ä½ï¼šæ¯«ç§’)',
  `status` tinyint(4) NOT NULL COMMENT 'ä»»åŠ¡çŠ¶æ€    0ï¼šæˆåŠŸ    1ï¼šå¤±è´¥',
  `gmt_created` datetime NOT NULL COMMENT 'åˆ›å»ºæ—¶é—´',
  `gmt_modified` datetime NOT NULL,
  PRIMARY KEY (`id`),
  KEY `job_id` (`job_id`)
) ENGINE=InnoDB DEFAULT CHARSET=utf8 COMMENT='å®šæ—¶ä»»åŠ¡æ—¥å¿—';
/*!40101 SET character_set_client = @saved_cs_client */;

--
-- Dumping data for table `schedule_job_log`
--

LOCK TABLES `schedule_job_log` WRITE;
/*!40000 ALTER TABLE `schedule_job_log` DISABLE KEYS */;
/*!40000 ALTER TABLE `schedule_job_log` ENABLE KEYS */;
UNLOCK TABLES;

--
-- Table structure for table `tag`
--

DROP TABLE IF EXISTS `tag`;
/*!40101 SET @saved_cs_client     = @@character_set_client */;
/*!40101 SET character_set_client = utf8 */;
CREATE TABLE `tag` (
  `id` bigint(20) NOT NULL AUTO_INCREMENT COMMENT 'ä¸»é”®',
  `gmt_create` datetime NOT NULL COMMENT 'åˆ›å»ºæ—¶é—´',
  `gmt_modified` datetime NOT NULL COMMENT 'ä¿®æ”¹æ—¶é—´',
  `name` varchar(20) NOT NULL,
  PRIMARY KEY (`id`)
) ENGINE=InnoDB AUTO_INCREMENT=41 DEFAULT CHARSET=utf8;
/*!40101 SET character_set_client = @saved_cs_client */;

--
-- Dumping data for table `tag`
--

LOCK TABLES `tag` WRITE;
/*!40000 ALTER TABLE `tag` DISABLE KEYS */;
INSERT INTO `tag` VALUES (1,'2018-03-26 11:03:49','2018-03-26 11:05:13','java'),(2,'2018-03-26 11:05:18','2018-03-26 11:05:18','spring'),(4,'2018-03-26 11:05:29','2018-03-26 11:05:29','redis'),(26,'2018-05-17 18:56:22','2018-05-17 18:56:22','1'),(27,'2018-05-17 18:56:22','2018-05-17 18:56:22','2'),(28,'2018-05-17 18:56:22','2018-05-17 18:56:22','3'),(29,'2018-05-17 18:58:32','2018-05-17 18:58:32','1'),(30,'2018-05-17 18:58:32','2018-05-17 18:58:32','2'),(31,'2018-05-17 18:58:32','2018-05-17 18:58:32','3'),(32,'2018-05-17 19:00:58','2018-05-17 19:00:58','1'),(33,'2018-05-17 19:00:58','2018-05-17 19:00:58','2'),(34,'2018-05-17 19:00:58','2018-05-17 19:00:58','3'),(35,'2018-05-17 19:02:10','2018-05-17 19:02:10','1'),(36,'2018-05-17 19:04:13','2018-05-17 19:04:13','1'),(37,'2018-05-17 19:04:46','2018-05-17 19:04:46','1'),(38,'2018-05-17 19:40:53','2018-05-17 19:40:53','è®¾è®¡æ¨¡å¼'),(40,'2018-05-30 20:36:07','2018-05-30 20:36:07','æµ‹è¯•');
/*!40000 ALTER TABLE `tag` ENABLE KEYS */;
UNLOCK TABLES;

--
-- Table structure for table `text_settings`
--

DROP TABLE IF EXISTS `text_settings`;
/*!40101 SET @saved_cs_client     = @@character_set_client */;
/*!40101 SET character_set_client = utf8 */;
CREATE TABLE `text_settings` (
  `id` bigint(20) NOT NULL AUTO_INCREMENT COMMENT 'ä¸»é”®',
  `gmt_create` datetime NOT NULL COMMENT 'åˆ›å»ºæ—¶é—´',
  `gmt_modified` datetime NOT NULL COMMENT 'ä¿®æ”¹æ—¶é—´',
  `logo` varchar(20) NOT NULL DEFAULT '' COMMENT 'logoå›¾æ ‡å³ä¾§æ–‡æ¡ˆ',
  `title` varchar(20) NOT NULL DEFAULT '' COMMENT 'åšå®¢æ ‡é¢˜',
  `page_header` varchar(40) DEFAULT NULL COMMENT 'é¡µçœ‰æ–‡æ¡ˆ',
  `page_rooting` varchar(20) DEFAULT NULL COMMENT 'é¡µå°¾',
  `search` varchar(20) NOT NULL COMMENT 'æœç´¢æ–‡æ¡ˆ',
  `search_icon` varchar(20) DEFAULT NULL,
  `comment_open` tinyint(4) NOT NULL DEFAULT '1' COMMENT 'è¯„è®ºåŠŸèƒ½0:å…³é—­,1:å¼€å¯',
  `leave_word_open` tinyint(4) NOT NULL COMMENT 'ç•™è¨€åŠŸèƒ½0:å…³é—­,1:å¼€å¯',
  `create_time_icon` varchar(20) DEFAULT NULL,
  `announcement` text COMMENT 'å…¬å‘Šä¿¡æ¯',
  `hot_icon` varchar(20) DEFAULT NULL COMMENT 'æ–‡ç« çƒ­åº¦icon',
  `leave_word_announcement` varchar(255) DEFAULT NULL COMMENT 'ç•™è¨€å…¬å‘Šä¿¡æ¯',
  `icon_url` varchar(100) NOT NULL COMMENT 'http://iconfont.cn/manage/index?spm=a313x.7781069.1998910419.11&manage_type=myprojects&projectId=601117 æœ€æ–°åœ°å€',
  PRIMARY KEY (`id`)
) ENGINE=InnoDB AUTO_INCREMENT=2 DEFAULT CHARSET=utf8;
/*!40101 SET character_set_client = @saved_cs_client */;

--
-- Dumping data for table `text_settings`
--

LOCK TABLES `text_settings` WRITE;
/*!40000 ALTER TABLE `text_settings` DISABLE KEYS */;
INSERT INTO `text_settings` VALUES (1,'2018-03-21 11:31:30','2018-03-21 11:31:32','çš„åšå®¢','å…‹å·±çš„åšå®¢','æœ‰å¿—ï¼Œåˆ™ä¸ç”˜ä¸ºä¸‹æµï¼›æœ‰è¯†ï¼Œåˆ™åªå­¦é—®ä¹‹æ— å°½;æœ‰æ’ï¼Œåˆ™æ–­æ— ä¸æˆä¹‹äº‹','å…‹å·±çš„åšå®¢','æœä¸€æœ','icon-search',1,1,'icon-time','<li>ç½‘ç«™åç§°ï¼šå…‹å·±çš„åšå®¢</li><li>åšå®¢ç³»ç»Ÿï¼š<a href=\"//github.com/miyakowork\" target=\"_blank\"style=\"font-style: italic;\"><i class=\"layui-icon\">&#xe628;</i> NoteBlog</a></li><li>qqç¾¤ï¼š123456789</li><li>å‰ç«¯UIï¼š<a href=\"//layui.com\" target=\"_blank\">layui 2.x</a></li><li>åç«¯æ¶æ„ï¼š<a href=\"https://projects.spring.io/spring-boot/\" target=\"_blank\">SpringBoot</a> 1.5.9 ç³»åˆ—ç­‰</li>','icon-temperature-','1111','//at.alicdn.com/t/font_601117_r68dogh1ev1jor.js');
/*!40000 ALTER TABLE `text_settings` ENABLE KEYS */;
UNLOCK TABLES;

--
-- Table structure for table `user`
--

DROP TABLE IF EXISTS `user`;
/*!40101 SET @saved_cs_client     = @@character_set_client */;
/*!40101 SET character_set_client = utf8 */;
CREATE TABLE `user` (
  `id` bigint(20) NOT NULL AUTO_INCREMENT COMMENT 'ç”¨æˆ·id',
  `email` varchar(255) NOT NULL COMMENT 'ç™»å½•é‚®ç®±',
  `name` varchar(20) NOT NULL COMMENT 'ç”¨æˆ·æ˜µç§°',
  `password` varchar(20) NOT NULL COMMENT 'ç™»å½•å¯†ç ',
  `question` varchar(255) DEFAULT NULL COMMENT 'å¯†ç ä¿æŠ¤é—®é¢˜',
  `answer` varchar(255) DEFAULT NULL COMMENT 'ç­”æ¡ˆ',
  `picture` varchar(255) DEFAULT NULL COMMENT 'å¤´åƒ',
  `ip` varchar(255) DEFAULT NULL COMMENT 'ä¸Šæ¬¡ç™»å½•çš„ip',
  `series_number` varchar(255) DEFAULT NULL COMMENT 'ç”¨æˆ·ç™»å½•çš„åºåˆ—å·',
  `phone` varchar(255) DEFAULT NULL COMMENT 'ç»‘å®šæ‰‹æœºå·ï¼Œæ³¨æ„åŠ å¯†',
  `status` tinyint(3) NOT NULL DEFAULT '0' COMMENT 'ç”¨æˆ·çŠ¶æ€ï¼Œ0è¡¨ç¤ºæ­£å¸¸1è¡¨ç¤ºå°ç¦',
  `gmt_created` datetime NOT NULL,
  `gmt_modified` datetime NOT NULL,
  PRIMARY KEY (`id`)
) ENGINE=InnoDB AUTO_INCREMENT=6 DEFAULT CHARSET=utf8 COMMENT='ç”¨æˆ·è¡¨';
/*!40101 SET character_set_client = @saved_cs_client */;

--
-- Dumping data for table `user`
--

LOCK TABLES `user` WRITE;
/*!40000 ALTER TABLE `user` DISABLE KEYS */;
INSERT INTO `user` VALUES (1,'admin@qq.com','å…‹å·±','admin','å•¥æ—¶å€™è„±å•ï¼Ÿ','ç­‰æˆ‘å®Œæˆ100åŠŸ',NULL,NULL,NULL,NULL,1,'2017-08-07 11:13:00','2017-08-07 11:13:02'),(2,'123@qq.com','å…‹å·±','2870386','ä½ å°æ—¶å€™æœ€å¥½çš„æœ‹å‹','123',NULL,'10.63.14.102',NULL,'17671689099',1,'2017-08-07 17:04:43','2017-10-26 15:26:02'),(5,'nieyinie2008@163.com','è‚æ¯…','2870386',NULL,NULL,NULL,NULL,NULL,'17671689059',1,'2017-10-26 11:08:28','2017-10-26 15:26:01');
/*!40000 ALTER TABLE `user` ENABLE KEYS */;
UNLOCK TABLES;

--
-- Table structure for table `user_role_rel`
--

DROP TABLE IF EXISTS `user_role_rel`;
/*!40101 SET @saved_cs_client     = @@character_set_client */;
/*!40101 SET character_set_client = utf8 */;
CREATE TABLE `user_role_rel` (
  `id` bigint(255) NOT NULL AUTO_INCREMENT COMMENT 'ä¸»é”®',
  `user_id` bigint(255) NOT NULL,
  `role_id` bigint(255) NOT NULL,
  `status` tinyint(11) NOT NULL DEFAULT '0' COMMENT '0:æ­£å¸¸ 1:åœç”¨',
  `gmt_created` datetime NOT NULL,
  `gmt_modified` datetime NOT NULL,
  PRIMARY KEY (`id`)
) ENGINE=InnoDB AUTO_INCREMENT=5 DEFAULT CHARSET=utf8;
/*!40101 SET character_set_client = @saved_cs_client */;

--
-- Dumping data for table `user_role_rel`
--

LOCK TABLES `user_role_rel` WRITE;
/*!40000 ALTER TABLE `user_role_rel` DISABLE KEYS */;
INSERT INTO `user_role_rel` VALUES (1,1,1,0,'2017-10-19 10:57:25','2017-10-19 10:57:28'),(2,2,2,0,'2017-10-19 10:57:37','2017-10-19 10:57:39'),(3,5,2,0,'2017-10-26 11:08:31','2017-10-26 11:08:31'),(4,6,2,0,'2017-10-26 14:30:03','2017-10-26 14:30:03');
/*!40000 ALTER TABLE `user_role_rel` ENABLE KEYS */;
UNLOCK TABLES;
/*!40103 SET TIME_ZONE=@OLD_TIME_ZONE */;

/*!40101 SET SQL_MODE=@OLD_SQL_MODE */;
/*!40014 SET FOREIGN_KEY_CHECKS=@OLD_FOREIGN_KEY_CHECKS */;
/*!40014 SET UNIQUE_CHECKS=@OLD_UNIQUE_CHECKS */;
/*!40101 SET CHARACTER_SET_CLIENT=@OLD_CHARACTER_SET_CLIENT */;
/*!40101 SET CHARACTER_SET_RESULTS=@OLD_CHARACTER_SET_RESULTS */;
/*!40101 SET COLLATION_CONNECTION=@OLD_COLLATION_CONNECTION */;
/*!40111 SET SQL_NOTES=@OLD_SQL_NOTES */;

-- Dump completed on 2018-09-13 16:35:35
